{
  "lstm": {
    "macro": {
      "precision": 0.5245276206027427,
      "recall": 0.36708122208775823,
      "f1": 0.3763931160023471,
      "roc_auc": 0.8053708190251648
    },
    "micro": {
      "precision": 0.6949025487256372,
      "recall": 0.6032799687622022,
      "f1": 0.6458580087786525
    },
    "per_class": {
      "toxic": {
        "precision": 0.6523364485981309,
        "recall": 0.6852094240837696,
        "f1": 0.6683689754229173,
        "roc_auc": 0.81982178476816,
        "support": 1528
      },
      "severe_toxic": {
        "precision": 0.6190476190476191,
        "recall": 0.03044496487119438,
        "f1": 0.05803571428571429,
        "roc_auc": 0.8168659233516089,
        "support": 427
      },
      "obscene": {
        "precision": 0.4914004914004914,
        "recall": 0.36330608537693004,
        "f1": 0.4177545691906005,
        "roc_auc": 0.7392425964954855,
        "support": 1101
      },
      "threat": {
        "precision": 0.0,
        "recall": 0.0,
        "f1": 0.0,
        "roc_auc": null,
        "support": 0
      },
      "insult": {
        "precision": 0.6515809051456912,
        "recall": 0.68782722513089,
        "f1": 0.6692136262336835,
        "roc_auc": 0.8197737786860833,
        "support": 1528
      },
      "identity_hate": {
        "precision": 0.4444444444444444,
        "recall": 0.00936768149882904,
        "f1": 0.01834862385321101,
        "roc_auc": 0.8166831256971294,
        "support": 427
      },
      "non_offensive": {
        "precision": 0.8128834355828221,
        "recall": 0.7934131736526946,
        "f1": 0.803030303030303,
        "roc_auc": 0.8198377051525221,
        "support": 2672
      }
    }
  },
  "bert": {
    "macro": {
      "precision": 0.6220537297451799,
      "recall": 0.3128295039002556,
      "f1": 0.35920876065957813,
      "roc_auc": 0.8491812480206153
    },
    "micro": {
      "precision": 0.7600647016534867,
      "recall": 0.5504360275933879,
      "f1": 0.6384841850985129
    },
    "per_class": {
      "toxic": {
        "precision": 0.822429906542056,
        "recall": 0.4607329842931937,
        "f1": 0.5906040268456376,
        "roc_auc": 0.8650399626140388,
        "support": 1528
      },
      "severe_toxic": {
        "precision": 0.7407407407407407,
        "recall": 0.0468384074941452,
        "f1": 0.0881057268722467,
        "roc_auc": 0.8603385573944288,
        "support": 427
      },
      "obscene": {
        "precision": 0.531317494600432,
        "recall": 0.22343324250681199,
        "f1": 0.3145780051150895,
        "roc_auc": 0.7789955389787628,
        "support": 1101
      },
      "threat": {
        "precision": 0.0,
        "recall": 0.0,
        "f1": 0.0,
        "roc_auc": null,
        "support": 0
      },
      "insult": {
        "precision": 0.8191964285714286,
        "recall": 0.4803664921465969,
        "f1": 0.6056105610561056,
        "roc_auc": 0.8649252133821362,
        "support": 1528
      },
      "identity_hate": {
        "precision": 0.68,
        "recall": 0.03981264637002342,
        "f1": 0.0752212389380531,
        "roc_auc": 0.8605328380934174,
        "support": 427
      },
      "non_offensive": {
        "precision": 0.7606915377616015,
        "recall": 0.938622754491018,
        "f1": 0.8403417657899146,
        "roc_auc": 0.8652553776609084,
        "support": 2672
      }
    }
  }
}